sample	treatment
S01	HF-
S02	HF-
S03	HF-
S04	HF-
S05	HF-
S06	HF-
S07	HF-
S08	HF-
S09	HF-
S10	HF-
S11	HF-
S12	HF-
S13	HF-
S14	HF-
S15	HF-
S16	HF-
S17	HF-
S18	HF-
S19	HF-
S20	HF-
S21	HF-
S22	HF-
S23	HF-
S24	HF-
S25	HF-
S26	HF-
S27	HF-
S28	HF-
S29	HF-
S30	HF-
S31	HF+
S32	HF+
S33	HF+
S34	HF+
S35	HF+
S36	HF+
S37	HF+
S38	HF+
S39	HF+
S40	HF+
S41	HF+
S42	HF+
S43	HF+
S44	HF+
S45	HF+
S46	HF+
S47	HF+
S48	HF+
S49	HF+
S50	HF+
S51	HF+
S52	HF+
S53	HF+
S54	HF+
S55	HF+
S56	HF+
S57	HF+
S58	HF+
S59	HF+
S60	HF+
S61	HVOL
S62	HVOL
S63	HVOL
S64	HVOL
S65	HVOL
S66	HVOL
S67	HVOL
S68	HVOL
S69	HVOL
S70	HVOL
S71	HVOL
S72	HVOL
S73	HVOL
S74	HVOL
S75	HVOL
S76	HVOL
S77	HVOL
S78	HVOL
S79	HVOL
S80	HVOL
S81	HVOL
S82	HVOL
S83	HVOL
S84	HVOL
S85	HVOL
S86	HVOL
S87	HVOL
S88	HVOL
S89	HVOL
S90	HVOL
S95	HF-
S96	HVOL